{"httpx": 19.769064651001827, "requests": 0.977388213002996, "urllib3": 0.548427948000608, "aiohttp": 0.45856346400250914}